"animal_type","strength"
weasel,44.1000000000000000
turtle,54.5454545454545455
fox,52.8888888888888889
dog,58.5714285714285714
rat,41.1538461538461538
cat,57.6000000000000000
raccoon,39.7142857142857143
